{"month":{"0":"01","1":"02","2":"03","3":"04","4":"05","5":"06","6":"07","7":"08","8":"09","9":"10","10":"11","11":"12"},"fyllingsgrad":{"0":0.5149710003,"1":0.4328106889,"2":0.3213030478,"3":0.2323792029,"4":0.2441343331,"5":0.4729252322,"6":0.6661826538,"7":0.7152380339,"8":0.7050582583,"9":0.7606167916,"10":0.8068083056,"11":0.7037042353},"kapasitet_TWh":{"0":29.1372808889,"1":29.1372808889,"2":29.1372808889,"3":29.1372808889,"4":29.1372808889,"5":29.1372808889,"6":29.1372808889,"7":29.1372808889,"8":29.1372808889,"9":29.1372808889,"10":29.1372808889,"11":29.1372808889},"fylling_TWh":{"0":14.8858861222,"1":12.6940521222,"2":9.5755986483,"3":7.0195619422,"4":7.205480732,"5":13.3406549278,"6":18.5630768956,"7":20.0401633278,"8":19.8523061083,"9":21.5865380222,"10":23.2507287639,"11":20.4833178333},"endring_fyllingsgrad":{"0":-0.0185419834,"1":-0.0244820077,"2":-0.0276427285,"3":-0.0178802723,"4":0.0227732699,"5":0.0577591209,"6":0.0277286502,"7":0.0056135555,"8":-0.0033142203,"9":0.0150568592,"10":0.0016551763,"11":-0.032283879},"precipitation":{"0":23.7,"1":67.5,"2":3.6,"3":9.7,"4":50.6,"5":89.0,"6":58.5,"7":85.5,"8":63.2,"9":82.9,"10":83.4,"11":85.5},"unit":{"0":"mm","1":"mm","2":"mm","3":"mm","4":"mm","5":"mm","6":"mm","7":"mm","8":"mm","9":"mm","10":"mm","11":"mm"}}